INSERT INTO address (id, city, street, zip_Code, number_Street, number_Flat)
VALUES (1, 'Kraków', 'Jana Pawła', '30-062',null,'95'),
       (2, 'Kraków', 'Barburki','30-062',null,'18'),
       (3, 'Kraków', 'Pinokia','30-062',null,'17'),
       (4, 'Kraków', 'Rondowska','30-062',null,'5'),
       (5, 'Poznań', 'Kurczaba', '60-241','85B','8'),
       (6, 'Poznań', 'Włoska','60-241',null,'20'),
       (7, 'Poznań', 'Białoruska','60-241',null,'1'),
       (8, 'Warszawa', 'Teligi','02-191','30A','6'),
       (9, 'Warszawa', 'Malborska','02-191',null,'22'),
       (10, 'Warszawa', 'Juliuszowa','02-191',null,'15'),
       (11, 'Warszawa', 'Juliuszowa','02-191','8D','30'),
       (12, 'Warszawa', 'Geologów','02-191',null,'33'),
       (13, 'Warszawa', 'Kuryłowicza','02-191',null,'51'),
       (14, 'Warszawa', 'Bełzy','02-191',null,'4'),
       (15, 'Rzeszów', 'Rajska','35-083',null,'7'),
       (16, 'Rzeszów', 'Jubileuszowa','35-083',null,'5'),
       (17, 'Rzeszów', 'Klimeckiego','35-083',null,'13'),
       (18, 'Ujanowice', null,'34-603',null,'269'),
       (19, 'Ujanowice', null,'34-603',null,'458'),
       (20, 'Bydgoszcz', 'Kowalska','85-131',null,'30'),
       (21, 'Bydgoszcz', 'Perłowa','85-131',null,'229'),
       (22, 'Bydgoszcz', 'Nowa','85-131',null,'26'),
       (23, 'Bydgoszcz', 'Telimeny','85-131',null,'45'),
       (24, 'Bydgoszcz', 'Pawlowa','85-131',null,'46'),
       (25, 'Bydgoszcz', 'Chemiczna','85-131',null,'78'),
       (26, 'Katowice', 'Ceglana','40-028',null,'24A'),
       (27, 'Katowice', 'Ceglana','40-028',null,'15B'),
       (28, 'Katowice', 'Meteorologów','40-028',null,'5'),
       (29, 'Katowice', 'Czapli','40-028',null,'9'),
       (30, 'Katowice', 'Cietrzewi','40-028',null,'16'),
       (31, 'Katowice', 'Francuska','40-028',null,'30A'),
       (32, 'Katowice', 'Francuska','40-028',null,'22'),
       (33, 'Katowice', 'Pilotów','40-028',null,'7B'),
       (34, 'Kraków', 'Lubisz','31-503',null,'23A'),
       (35, 'Warszawa', 'Polna','00-622', '3','3'),
       (36, 'Kraków', 'Jana Pawła','30-062', null,'9');
       
INSERT INTO patient (id, name, surname, pesel, number_Phone, e_mail, address_id)
VALUES (1, 'Karolina', 'Pytel', '75120622133','+48698589748','jeisoxaucessu-9425@yopmail.com', 1),
       (2, 'Tomasz', 'Kowal', '96080656714','+48693621458','wollabetrute-4860@yopmail.com', 2),
       (3, 'Abracham', 'Nowak', '52062048225','+48362541875','koimouquadeffu-4754@yopmail.com', 6),
       (4, 'Julia', 'Wiśniewska', '51060572242','+48968574259','bookmekep@wwwpao00.com', 7),
       (5, 'Magdalena', 'Kamińska', '67061924445','+48159753257','bookmekep@sellamivpn.cf', 10),
       (6, 'Jacek', 'Dąbkowski', '74073089893','+48197382465','bookmekep@45kti.xyz', 11),
       (7, 'Józef', 'Kozłowski', '59071325693','+48258917385','bookmekep@moesasahmeddd.space', 14),
       (8, 'Piotr', 'Mazór', '82011032427','+48369369254','koimouquadeffu-4754@yopmail.com', 15),
       (9, 'Karolina', 'Kowalczyk', '73071273497','+48116588598','weifragallajau-2237@yopmail.com', 18),
       (10, 'Stefan', 'Jankowski', '72122288488','+48938271537','juvucretefru-9638@yopmail.com', 19),
       (11, 'Stanisław', 'Kwiatkowski', '86072611166','+48654712895','wupuyeicike-1996@yopmail.com', 20),
       (12, 'Marcin', 'Wojciechowski', '97080754761','+48365874854','gemmoigelocau-6663@yopmail.com', 22),
       (13, 'Piotr', 'Kaczmarek', '65062466753','+48364715826','foilluzeussoimau-7775@yopmail.com', 23),
       (14, 'Magdaena', 'Zielińska', '98062625615','+48659858742','boitreiquiyeza-3599@yopmail.com', 24),
       (15, 'Katarzyna', 'Szymańska', '78030698535','+48632598745','quouttoddeffoiwi-6542@yopmail.com', 25);
       
INSERT INTO skills (id, specialization)
VALUES (1, 'FAMILY_DOCTOR'),
	   (2, 'CARDIOLOGIST'),
       (3, 'NEUROLOGIST'),
       (4, 'GASTROENTEROLOGIST'),
       (5, 'ENDOCRINOLOGIST'),
	   (6, 'SURGEON'),
       (7, 'OPHTHALMOLOGIST'),
       (8, 'DERMATOLOGIST'),
       (9, 'NEPHROLOGIST'),
       (10, 'ALLERGIST');
       
INSERT INTO medical_examination (skills_id, medical_examination_enums)
VALUES (1,'MEDICAL_CONSULTATION'),
       (2, 'MEDICAL_CONSULTATION'),
       (2,'HEART_ULTRASOUND'),
       (2,'HOLTER_EKG'),
       (2,'ECHOCARDIOGRAM'),
       (2,'STRESS_TEST'),
       (3,'MEDICAL_CONSULTATION'),
       (3,'EEG'),
       (3,'EMG'),
       (3,'ANGIOGRAPHY'),
       (3,'MAGNETIC_RESONANSE'),
       (3,'COMPUTED_TOMOGRAPHY'),
       (4,'MEDICAL_CONSULTATION'),
       (4,'GASTROSCOPY'),
       (4,'COLONOSCOPY'),
       (4,'USG_BELLY'),
       (4,'ENDOSCOPY'),
       (4,'BIOPSY'),
       (5,'MEDICAL_CONSULTATION'),
       (5,'USG_THYROID'),
       (5,'USG_OVARIAN'),
       (5,'STOMACH_BIOPSY'),
       (6,'MEDICAL_CONSULTATION'),
       (6,'SURGICAL_OPERATION'),
       (6,'USG'),
       (6,'RTG'),
       (6,'BIOPSY'),
       (6,'THORACOSCOPY'),
       (6,'LAPAROSCOPY'),
       (7,'MEDICAL_CONSULTATION'),
       (7,'USG_EYE'),
       (7,'OCT'),
       (7,'GONIOSCOPY'),
       (7,'EYE_DUPLEX'),
       (7,'PACHYMETRY'),
       (8,'MEDICAL_CONSULTATION'),
       (8,'SKIN_BIOPSY'),
       (8,'MICROSCOPIC_EXAMINATION'),
       (8,'HISTOPATHOLOGICAL_EXAMINATION'),
       (8,'PATCH_TEST'),
       (9,'MEDICAL_CONSULTATION'),
       (9,'USG_RENAL'),
       (9,'RENAL_BIOPSY'),
       (9,'RENAL_SCINTIGRAPHY'),
       (9,'RENAL_ANGIOGRAPHY'),
       (10,'MEDICAL_CONSULTATION'),
       (10,'SKIN_TESTS'),
       (10,'NUTRITION_TESTS'),
       (10,'ALLERGEN_BLOOD_PANEL'),
       (10,'TESTS_DETECTING_IgE_SYMPTOMS'),
       (10,'INHALATION_TESTS');

INSERT INTO doctor (id, name, surname, employee_number, address_id, skills_id)
VALUES (1,'Marek','Kieliszkowski','569854',3 , 1),
       (2,'Adam','Nowak','362114', 4, 1),
       (3,'Karolina','Kowalska','114587', 5, 2),
       (4,'Piotr','Wójcik','556998', 8, 2),
       (5,'Magdalena','Wiśniewska','656688', 9, 3),
       (6,'Juliusz','Kowalczyk','787849', 12, 4),
       (7,'Tomasz','Kamiński','362596', 13, 5),
       (8,'Roman','Szymański','857459', 16, 6),
       (9,'Krzysiek','Dąbrowski','659888', 17, 6),
       (10,'Piotr','Wożniak','784478', 21, 6),
       (11,'Aneta','Wojciechowska','447845', 26, 6),
       (12,'Bartosz','Mazur','695896', 27, 7),
       (13,'Arkadiusz','Krawczyk','968596', 28, 7),
       (14,'Damian','Kozłowski','526352', 29, 8),
       (15,'Adida','Kaczmarek','415263', 30, 9),
       (16,'Dawid','Pawlik','635241', 31, 9),
       (17,'Amelia','Grabowska','258147', 32, 10),
       (18,'Ernest','Olszewski','258369', 33, 10);
       
INSERT INTO medical_facility (id, name, address_id)
VALUES (1, 'AB-MEDICA', 34), -- kraków
       (2, 'ALMED', 35),     -- Warszawa
       (3, 'MEDICAL-LAB', 36); -- kraków 
       
INSERT INTO facility_doctor (facility_id, doctor_id)
VALUES (1, 1),
       (2, 1),
       (1, 2),
       (1, 11),
       (1, 12),
       (1, 13),
       (1, 14),
       (1, 15),
       (1, 16),
       (1, 17),
       (1, 18),
       (2, 3),
       (2, 4),
       (2, 5),
       (2, 6),
       (2, 7),
       (2, 8),
       (2, 9),
       (2, 10);
       
INSERT INTO prescription (id, code,  issure_date, expiration_date, doctor_id, patient_id)
VALUES (1, '2569', '2023-05-02', '2023-06-02', 4, 1),
       (2, '3625', '2023-05-02', '2023-06-02', 1, 2),
       (3, '9758', '2023-05-10', '2023-06-20', 10, 3),
       (4, '3698', '2023-04-15', '2023-05-15', 15, 4),
       (5, '1478', '2023-05-18', '2023-06-18', 8, 5),
       (6, '2587', '2023-05-18', '2023-06-18', 8, 6),
       (7, '3214', '2023-05-18', '2023-06-18', 12, 7),
       (8, '4123', '2023-05-22', '2023-07-22', 12, 8),
       (9, '1958', '2023-04-22', '2023-05-22', 12, 9),
       (10, '3749', '2023-04-22', '2023-06-22', 17, 10),
       (11, '6839', '2023-05-25', '2023-07-25', 17, 11);

 INSERT INTO medicin (id, name, dose, package_quantity)
 VALUES (1, 'Ibuprom', 'Twice a day 1 pill.', 2),
        (2, 'Danazol', 'Once a day 1 pill.', 1),
        (3, 'Albiglutyd', 'Twice a day 1 pill.', 3),
        (4, 'Aklidyna', 'Twice a day 2 pill.', 1),
        (5, 'Dasatynib', 'Four times a day 1 pill.', 1),
        (6, 'Werapamil', 'Twice a day 1 pill.', 1),
        (7, 'Fenspiryd', 'Once a day 1 pill.', 3),
        (8, 'Fenytoina', 'Twice a day 1 pill.', 3),
        (9, 'Ketoprofen', 'Twice a day 2 pill.', 1),
        (10, 'Olopatadyna', 'Twice a day 1 pill.', 2),
        (11, 'Defibrotyd', 'Twice a day 1 pill.', 2),
        (12, 'Lacydypina', 'Four times a day 1 pill.', 3),
        (13, 'Nomegestrol', 'Twice a day 2 pill.', 3);
 
 INSERT INTO medicin_prescription (prescription_id, medicin_id)
 VALUES (1, 1),
        (1, 2),
        (1, 3),
        (2, 10),
        (3, 4),
        (3, 5),
        (4, 6),
        (5, 7),
        (5, 8),
        (5, 9),
        (5, 10),
        (6, 11),
        (6, 12),
        (6, 6),
        (7, 2),
        (7, 4),
        (8, 4),
        (8, 3),
        (9, 6),
        (10, 12),
        (11, 13),
        (11, 1);
        
 INSERT INTO lab_assistant (id, employee_number, name, surname, facility_id)
 VALUES (1, '326598', 'Karolina', 'Polar', 3),
        (2, '258146', 'Klementyna', 'Szydło', 3),
        (3, '369758', 'Tomasz', 'Kot', 3);

INSERT INTO laboratory_test (id, status, date_time, price, recommendations_before_test, doctor_id, facility_id, lab_assistant_id, patient_id)
VALUES (1, 'AVAILABLE', '2023-06-03', null, null, 4, 3, 2, 1),
       (2, 'AVAILABLE', '2023-06-10', 100, null, 4, 3, 2, 5),
       (3, 'AVAILABLE', '2023-06-12', 80.56, 'Fasting test', 8, 3, 2, 8),
       (4, 'AVAILABLE', '2023-06-18', 248.20, 'Fasting test', 15, 3, 3, 12),
       (5, 'NOAVAILABLE', '2023-06-22', null, null, 17, 3, null, 13);
       
INSERT INTO set_laboratory_test (laboratory_test_id,set_laboratory_test)
VALUES (1, 'OB'),
	   (1, 'CRP'),
	   (1, 'GlUCOSE'),
	   (2, 'FT3'),
	   (2, 'UREA'),
	   (3, 'FT3'),
	   (3, 'MAGNESIUM'),
	   (3, 'CHOLESTEROL'),
	   (4, 'POTASSIUM'),
	   (5, 'URIC_ACID'),
	   (5, 'TRIGLYCERIDES'),
	   (5, 'TROPONIN'),
	   (5, 'C_REACTIVE_PROTEIN'),
	   (5, 'TESTOSTERONE');
       
INSERT INTO consultations_phone (id, date, time, price, recommendations, specialization, status, doctor_id, patient_id)
VALUES (1, '2023-03-26','10:45:00', null, null, 'FAMILY_DOCTOR', 'NOAVAILABLE', 1, 6),
       (2, '2023-06-08','10:15:00', 85, null, 'FAMILY_DOCTOR', 'AVAILABLE', 1, null),
       (3, '2023-06-12','8:30:00', 120, null, 'CARDIOLOGIST', 'NOAVAILABLE', 3, 6),
       (4, '2023-07-10','12:00:00', null, null, 'FAMILY_DOCTOR', 'AVAILABLE', 1, null),
       (5, '2023-07-15','12:20:00', null, null, 'FAMILY_DOCTOR' , 'NOAVAILABLE', 1, 10),
       (6, '2023-07-17','13:05:00', 210, null, 'GASTROENTEROLOGIST', 'NOAVAILABLE', 1, 8),--
       (7, '2023-07-18','13:30:00', 120, null, 'CARDIOLOGIST', 'NOAVAILABLE', 3, 10),--
       (8, '2023-07-15','11:10:00', null, null, 'FAMILY_DOCTOR', 'NOAVAILABLE', 1, 12),--
       (9, '2023-07-25','14:10:00', 80, null, 'ALLERGIST', 'AVAILABLE', 18, null),
       (10, '2023-07-26','14:20:00', 80, null, 'ALLERGIST', 'NOAVAILABLE', 18, 13),
       (11, '2023-03-26','11:10:00', null, null, 'FAMILY_DOCTOR', 'NOAVAILABLE', 1, 8),
       (12, '2023-03-26','11:35:00', null, null, 'FAMILY_DOCTOR', 'NOAVAILABLE', 1, 2);

INSERT INTO stationary_visit (id, date, time, price, recommendations, specialization, status, doctor_id, facility_id, patient_id)
VALUES (1,'2023-06-02', '8:00', 250, null, 'SURGEON', 'NOAVAILABLE', 10, 2, 15),
       (2, '2023-06-04', '10:10', 250, null, 'SURGEON', 'AVAILABLE', 10, 2, null),
       (3, '2023-06-05', '12:15', 250, null, 'SURGEON', 'NOAVAILABLE', 10, 2, 13),
       (4, '2023-06-10', '15:00', 130, null, 'OPHTHALMOLOGIST', 'AVAILABLE', 13, 1, null),
       (5, '2023-07-01', '18:00', 130, null, 'OPHTHALMOLOGIST', 'NOAVAILABLE', 13, 1, 5),
       (6, '2023-07-06', '16:30', 200, null, 'GASTROENTEROLOGIST', 'NOAVAILABLE', 6, 1, 15),
       (7, '2023-07-12', '17:40', 200, null, 'GASTROENTEROLOGIST', 'NOAVAILABLE', 6, 1, 9),
       (8, '2023-07-15', '9:45', null, null, 'DERMATOLOGIST', 'NOAVAILABLE', 14, 1, 2),
       (9, '2023-07-16', '11:20', null, null, 'DERMATOLOGIST', 'AVAILABLE', 14, 1, null),
       (10, '2023-03-26', '10:45', null, null, 'DERMATOLOGIST', 'NOAVAILABLE', 14, 1, 10),
       (11, '2023-03-26', '11:20', null, null, 'DERMATOLOGIST', 'NOAVAILABLE', 14, 1, 5),
       (12, '2023-03-26', '12:00', null, null, 'DERMATOLOGIST', 'NOAVAILABLE', 14, 1, 3);